37	0	plant; animal	CREATE	-	?
37	1	plant; animal	NONE	?	?
37	2	plant; animal	NONE	?	?
37	3	plant; animal	NONE	?	?
37	4	plant; animal	NONE	?	?
37	5	plant; animal	NONE	?	?
37	0	soft tissues	NONE	?	?
37	1	soft tissues	NONE	?	?
37	2	soft tissues	NONE	?	?
37	3	soft tissues	NONE	?	?
37	4	soft tissues	NONE	?	?
37	5	soft tissues	NONE	?	?
37	0	bones	NONE	?	?
37	1	bones	NONE	?	?
37	2	bones	NONE	?	?
37	3	bones	NONE	?	?
37	4	bones	NONE	?	?
37	5	bones	NONE	?	?
37	0	mineral	NONE	?	?
37	1	mineral	NONE	?	?
37	2	mineral	NONE	?	?
37	3	mineral	NONE	?	?
37	4	mineral	NONE	?	?
37	5	mineral	NONE	?	?
37	0	fossils	NONE	?	?
37	1	fossils	NONE	?	?
37	2	fossils	NONE	?	?
37	3	fossils	NONE	?	?
37	4	fossils	NONE	?	?
37	5	fossils	NONE	?	?
38	0	animal; body	NONE	?	?
38	1	animal; body	NONE	?	?
38	2	animal; body	NONE	?	?
38	3	animal; body	NONE	?	?
38	4	animal; body	NONE	?	?
38	5	animal; body	NONE	?	?
38	6	animal; body	NONE	?	?
38	0	soil	NONE	?	?
38	1	soil	NONE	?	?
38	2	soil	NONE	?	?
38	3	soil	NONE	?	?
38	4	soil	NONE	?	?
38	5	soil	NONE	?	?
38	6	soil	NONE	?	?
38	0	rock	NONE	?	?
38	1	rock	NONE	?	?
38	2	rock	NONE	?	?
38	3	rock	NONE	?	?
38	4	rock	NONE	?	?
38	5	rock	NONE	?	?
38	6	rock	NONE	?	?
38	0	fossil	NONE	?	?
38	1	fossil	NONE	?	?
38	2	fossil	NONE	?	?
38	3	fossil	NONE	?	?
38	4	fossil	NONE	?	?
38	5	fossil	NONE	?	?
38	6	fossil	NONE	?	?
67	0	plants; dead plants	NONE	?	?
67	1	plants; dead plants	NONE	?	?
67	2	plants; dead plants	NONE	?	?
67	3	plants; dead plants	NONE	?	?
67	4	plants; dead plants	NONE	?	?
67	5	plants; dead plants	NONE	?	?
67	6	plants; dead plants	NONE	?	?
67	7	plants; dead plants	NONE	?	?
67	8	plants; dead plants	NONE	?	?
67	0	peat	NONE	?	?
67	1	peat	NONE	?	?
67	2	peat	NONE	?	?
67	3	peat	NONE	?	?
67	4	peat	NONE	?	?
67	5	peat	NONE	?	?
67	6	peat	NONE	?	?
67	7	peat	NONE	?	?
67	8	peat	NONE	?	?
67	0	coal	NONE	?	?
67	1	coal	NONE	?	?
67	2	coal	NONE	?	?
67	3	coal	NONE	?	?
67	4	coal	NONE	?	?
67	5	coal	NONE	?	?
67	6	coal	NONE	?	?
67	7	coal	NONE	?	?
67	8	coal	NONE	?	?
68	0	plants; trees	NONE	?	?
68	1	plants; trees	NONE	?	?
68	2	plants; trees	NONE	?	?
68	3	plants; trees	NONE	?	?
68	4	plants; trees	NONE	?	?
68	5	plants; trees	NONE	?	?
68	6	plants; trees	NONE	?	?
68	0	plant and tree remains	NONE	?	?
68	1	plant and tree remains	NONE	?	?
68	2	plant and tree remains	NONE	?	?
68	3	plant and tree remains	NONE	?	?
68	4	plant and tree remains	NONE	?	?
68	5	plant and tree remains	NONE	?	?
68	6	plant and tree remains	NONE	?	?
68	0	peat; burial peat	NONE	?	?
68	1	peat; burial peat	NONE	?	?
68	2	peat; burial peat	NONE	?	?
68	3	peat; burial peat	NONE	?	?
68	4	peat; burial peat	NONE	?	?
68	5	peat; burial peat	NONE	?	?
68	6	peat; burial peat	NONE	?	?
68	0	water	NONE	?	?
68	1	water	NONE	?	?
68	2	water	NONE	?	?
68	3	water	NONE	?	?
68	4	water	NONE	?	?
68	5	water	NONE	?	?
68	6	water	NONE	?	?
68	0	heat	NONE	?	?
68	1	heat	NONE	?	?
68	2	heat	NONE	?	?
68	3	heat	NONE	?	?
68	4	heat	NONE	?	?
68	5	heat	NONE	?	?
68	6	heat	NONE	?	?
68	0	coal	NONE	?	?
68	1	coal	NONE	?	?
68	2	coal	NONE	?	?
68	3	coal	NONE	?	?
68	4	coal	NONE	?	?
68	5	coal	NONE	?	?
68	6	coal	NONE	?	?
69	0	plants;trees	NONE	?	?
69	1	plants;trees	NONE	?	?
69	2	plants;trees	NONE	?	?
69	3	plants;trees	NONE	?	?
69	4	plants;trees	NONE	?	?
69	5	plants;trees	NONE	?	?
69	6	plants;trees	NONE	?	?
69	0	peat	NONE	?	?
69	1	peat	NONE	?	?
69	2	peat	NONE	?	?
69	3	peat	NONE	?	?
69	4	peat	NONE	?	?
69	5	peat	NONE	?	?
69	6	peat	NONE	?	?
69	0	sand	NONE	?	?
69	1	sand	NONE	?	?
69	2	sand	NONE	?	?
69	3	sand	NONE	?	?
69	4	sand	NONE	?	?
69	5	sand	NONE	?	?
69	6	sand	NONE	?	?
69	0	clay	NONE	?	?
69	1	clay	NONE	?	?
69	2	clay	NONE	?	?
69	3	clay	NONE	?	?
69	4	clay	NONE	?	?
69	5	clay	NONE	?	?
69	6	clay	NONE	?	?
69	0	sedimentary rocks	NONE	?	?
69	1	sedimentary rocks	NONE	?	?
69	2	sedimentary rocks	NONE	?	?
69	3	sedimentary rocks	NONE	?	?
69	4	sedimentary rocks	NONE	?	?
69	5	sedimentary rocks	NONE	?	?
69	6	sedimentary rocks	NONE	?	?
69	0	pressure	NONE	?	?
69	1	pressure	NONE	?	?
69	2	pressure	NONE	?	?
69	3	pressure	NONE	?	?
69	4	pressure	NONE	?	?
69	5	pressure	NONE	?	?
69	6	pressure	NONE	?	?
69	0	water	NONE	?	?
69	1	water	NONE	?	?
69	2	water	NONE	?	?
69	3	water	NONE	?	?
69	4	water	NONE	?	?
69	5	water	NONE	?	?
69	6	water	NONE	?	?
69	0	coal	NONE	?	?
69	1	coal	NONE	?	?
69	2	coal	NONE	?	?
69	3	coal	NONE	?	?
69	4	coal	NONE	?	?
69	5	coal	NONE	?	?
69	6	coal	NONE	?	?
70	0	rain	NONE	?	?
70	1	rain	NONE	?	?
70	2	rain	NONE	?	?
70	3	rain	NONE	?	?
70	4	rain	NONE	?	?
70	5	rain	NONE	?	?
70	6	rain	NONE	?	?
70	7	rain	NONE	?	?
70	0	water	NONE	?	?
70	1	water	NONE	?	?
70	2	water	NONE	?	?
70	3	water	NONE	?	?
70	4	water	NONE	?	?
70	5	water	NONE	?	?
70	6	water	NONE	?	?
70	7	water	NONE	?	?
70	0	streams	NONE	?	?
70	1	streams	NONE	?	?
70	2	streams	NONE	?	?
70	3	streams	NONE	?	?
70	4	streams	NONE	?	?
70	5	streams	NONE	?	?
70	6	streams	NONE	?	?
70	7	streams	NONE	?	?
70	0	water levels	NONE	?	?
70	1	water levels	NONE	?	?
70	2	water levels	NONE	?	?
70	3	water levels	NONE	?	?
70	4	water levels	NONE	?	?
70	5	water levels	NONE	?	?
70	6	water levels	NONE	?	?
70	7	water levels	NONE	?	?
99	0	rain clouds	NONE	?	?
99	1	rain clouds	NONE	?	?
99	2	rain clouds	NONE	?	?
99	3	rain clouds	NONE	?	?
99	4	rain clouds	NONE	?	?
99	5	rain clouds	NONE	?	?
99	6	rain clouds	NONE	?	?
99	0	rain	NONE	?	?
99	1	rain	NONE	?	?
99	2	rain	NONE	?	?
99	3	rain	NONE	?	?
99	4	rain	NONE	?	?
99	5	rain	NONE	?	?
99	6	rain	NONE	?	?
99	0	clouds	NONE	?	?
99	1	clouds	NONE	?	?
99	2	clouds	NONE	?	?
99	3	clouds	NONE	?	?
99	4	clouds	NONE	?	?
99	5	clouds	NONE	?	?
99	6	clouds	NONE	?	?
99	0	a very different ecosystem	NONE	?	?
99	1	a very different ecosystem	NONE	?	?
99	2	a very different ecosystem	NONE	?	?
99	3	a very different ecosystem	NONE	?	?
99	4	a very different ecosystem	NONE	?	?
99	5	a very different ecosystem	NONE	?	?
99	6	a very different ecosystem	NONE	?	?
99	0	desert	NONE	?	?
99	1	desert	NONE	?	?
99	2	desert	NONE	?	?
99	3	desert	NONE	?	?
99	4	desert	NONE	?	?
99	5	desert	NONE	?	?
99	6	desert	NONE	?	?
152	0	water vapor ; lifted vapor ; vapor	NONE	?	?
152	1	water vapor ; lifted vapor ; vapor	NONE	?	?
152	2	water vapor ; lifted vapor ; vapor	NONE	?	?
152	3	water vapor ; lifted vapor ; vapor	NONE	?	?
152	4	water vapor ; lifted vapor ; vapor	NONE	?	?
152	5	water vapor ; lifted vapor ; vapor	NONE	?	?
152	0	solid ; cloud droplets	NONE	?	?
152	1	solid ; cloud droplets	NONE	?	?
152	2	solid ; cloud droplets	NONE	?	?
152	3	solid ; cloud droplets	NONE	?	?
152	4	solid ; cloud droplets	NONE	?	?
152	5	solid ; cloud droplets	NONE	?	?
249	0	rocks ; smaller pieces	NONE	?	?
249	1	rocks ; smaller pieces	NONE	?	?
249	2	rocks ; smaller pieces	NONE	?	?
249	3	rocks ; smaller pieces	NONE	?	?
249	4	rocks ; smaller pieces	NONE	?	?
249	5	rocks ; smaller pieces	NONE	?	?
249	6	rocks ; smaller pieces	NONE	?	?
249	7	rocks ; smaller pieces	NONE	?	?
249	0	oxygen	NONE	?	?
249	1	oxygen	NONE	?	?
249	2	oxygen	NONE	?	?
249	3	oxygen	NONE	?	?
249	4	oxygen	NONE	?	?
249	5	oxygen	NONE	?	?
249	6	oxygen	NONE	?	?
249	7	oxygen	NONE	?	?
249	0	new types of rocks ; new substance ; certain types of rocks	NONE	?	?
249	1	new types of rocks ; new substance ; certain types of rocks	NONE	?	?
249	2	new types of rocks ; new substance ; certain types of rocks	NONE	?	?
249	3	new types of rocks ; new substance ; certain types of rocks	NONE	?	?
249	4	new types of rocks ; new substance ; certain types of rocks	NONE	?	?
249	5	new types of rocks ; new substance ; certain types of rocks	NONE	?	?
249	6	new types of rocks ; new substance ; certain types of rocks	NONE	?	?
249	7	new types of rocks ; new substance ; certain types of rocks	NONE	?	?
310	0	blood	NONE	?	?
310	1	blood	NONE	?	?
310	2	blood	NONE	?	?
310	3	blood	NONE	?	?
310	4	blood	NONE	?	?
310	5	blood	NONE	?	?
310	0	carbon dioxide	NONE	?	?
310	1	carbon dioxide	NONE	?	?
310	2	carbon dioxide	NONE	?	?
310	3	carbon dioxide	NONE	?	?
310	4	carbon dioxide	NONE	?	?
310	5	carbon dioxide	NONE	?	?
310	0	oxygen	NONE	?	?
310	1	oxygen	NONE	?	?
310	2	oxygen	NONE	?	?
310	3	oxygen	NONE	?	?
310	4	oxygen	NONE	?	?
310	5	oxygen	NONE	?	?
400	0	energy	NONE	?	?
400	1	energy	NONE	?	?
400	2	energy	NONE	?	?
400	3	energy	NONE	?	?
400	4	energy	NONE	?	?
400	0	electricity	NONE	?	?
400	1	electricity	NONE	?	?
400	2	electricity	NONE	?	?
400	3	electricity	NONE	?	?
400	4	electricity	NONE	?	?
401	0	sunlight	NONE	?	?
401	1	sunlight	NONE	?	?
401	2	sunlight	NONE	?	?
401	3	sunlight	NONE	?	?
401	4	sunlight	NONE	?	?
401	5	sunlight	NONE	?	?
401	6	sunlight	NONE	?	?
401	0	direct current	NONE	?	?
401	1	direct current	NONE	?	?
401	2	direct current	NONE	?	?
401	3	direct current	NONE	?	?
401	4	direct current	NONE	?	?
401	5	direct current	NONE	?	?
401	6	direct current	NONE	?	?
401	0	alternating current	NONE	?	?
401	1	alternating current	NONE	?	?
401	2	alternating current	NONE	?	?
401	3	alternating current	NONE	?	?
401	4	alternating current	NONE	?	?
401	5	alternating current	NONE	?	?
401	6	alternating current	NONE	?	?
409	0	image	NONE	?	?
409	1	image	NONE	?	?
409	2	image	NONE	?	?
409	3	image	NONE	?	?
409	4	image	NONE	?	?
409	5	image	NONE	?	?
409	6	image	NONE	?	?
409	0	electrical impulses	NONE	?	?
409	1	electrical impulses	NONE	?	?
409	2	electrical impulses	NONE	?	?
409	3	electrical impulses	NONE	?	?
409	4	electrical impulses	NONE	?	?
409	5	electrical impulses	NONE	?	?
409	6	electrical impulses	NONE	?	?
410	0	electric signal	NONE	?	?
410	1	electric signal	NONE	?	?
410	2	electric signal	NONE	?	?
410	3	electric signal	NONE	?	?
410	4	electric signal	NONE	?	?
410	5	electric signal	NONE	?	?
410	0	light	NONE	?	?
410	1	light	NONE	?	?
410	2	light	NONE	?	?
410	3	light	NONE	?	?
410	4	light	NONE	?	?
410	5	light	NONE	?	?
411	0	electrochemical signals	NONE	?	?
411	1	electrochemical signals	NONE	?	?
411	2	electrochemical signals	NONE	?	?
411	3	electrochemical signals	NONE	?	?
411	4	electrochemical signals	NONE	?	?
411	5	electrochemical signals	NONE	?	?
411	6	electrochemical signals	NONE	?	?
411	7	electrochemical signals	NONE	?	?
411	0	light	NONE	?	?
411	1	light	NONE	?	?
411	2	light	NONE	?	?
411	3	light	NONE	?	?
411	4	light	NONE	?	?
411	5	light	NONE	?	?
411	6	light	NONE	?	?
411	7	light	NONE	?	?
429	0	nitrogen	NONE	?	?
429	1	nitrogen	NONE	?	?
429	2	nitrogen	NONE	?	?
429	3	nitrogen	NONE	?	?
429	4	nitrogen	NONE	?	?
429	5	nitrogen	NONE	?	?
429	6	nitrogen	NONE	?	?
429	7	nitrogen	NONE	?	?
429	8	nitrogen	NONE	?	?
429	9	nitrogen	NONE	?	?
429	0	fixed nitrogen; usable nitrogen	NONE	?	?
429	1	fixed nitrogen; usable nitrogen	NONE	?	?
429	2	fixed nitrogen; usable nitrogen	NONE	?	?
429	3	fixed nitrogen; usable nitrogen	NONE	?	?
429	4	fixed nitrogen; usable nitrogen	NONE	?	?
429	5	fixed nitrogen; usable nitrogen	NONE	?	?
429	6	fixed nitrogen; usable nitrogen	NONE	?	?
429	7	fixed nitrogen; usable nitrogen	NONE	?	?
429	8	fixed nitrogen; usable nitrogen	NONE	?	?
429	9	fixed nitrogen; usable nitrogen	NONE	?	?
429	0	plants	NONE	?	?
429	1	plants	NONE	?	?
429	2	plants	NONE	?	?
429	3	plants	NONE	?	?
429	4	plants	NONE	?	?
429	5	plants	NONE	?	?
429	6	plants	NONE	?	?
429	7	plants	NONE	?	?
429	8	plants	NONE	?	?
429	9	plants	NONE	?	?
429	0	waste	NONE	?	?
429	1	waste	NONE	?	?
429	2	waste	NONE	?	?
429	3	waste	NONE	?	?
429	4	waste	NONE	?	?
429	5	waste	NONE	?	?
429	6	waste	NONE	?	?
429	7	waste	NONE	?	?
429	8	waste	NONE	?	?
429	9	waste	NONE	?	?
429	0	gas-based form	NONE	?	?
429	1	gas-based form	NONE	?	?
429	2	gas-based form	NONE	?	?
429	3	gas-based form	NONE	?	?
429	4	gas-based form	NONE	?	?
429	5	gas-based form	NONE	?	?
429	6	gas-based form	NONE	?	?
429	7	gas-based form	NONE	?	?
429	8	gas-based form	NONE	?	?
429	9	gas-based form	NONE	?	?
460	0	living things ; remains of living things	NONE	?	?
460	1	living things ; remains of living things	NONE	?	?
460	2	living things ; remains of living things	NONE	?	?
460	3	living things ; remains of living things	NONE	?	?
460	4	living things ; remains of living things	NONE	?	?
460	5	living things ; remains of living things	NONE	?	?
460	6	living things ; remains of living things	NONE	?	?
460	7	living things ; remains of living things	NONE	?	?
460	8	living things ; remains of living things	NONE	?	?
460	9	living things ; remains of living things	NONE	?	?
460	0	carbon	NONE	?	?
460	1	carbon	NONE	?	?
460	2	carbon	NONE	?	?
460	3	carbon	NONE	?	?
460	4	carbon	NONE	?	?
460	5	carbon	NONE	?	?
460	6	carbon	NONE	?	?
460	7	carbon	NONE	?	?
460	8	carbon	NONE	?	?
460	9	carbon	NONE	?	?
460	0	carbon-based mixture	NONE	?	?
460	1	carbon-based mixture	NONE	?	?
460	2	carbon-based mixture	NONE	?	?
460	3	carbon-based mixture	NONE	?	?
460	4	carbon-based mixture	NONE	?	?
460	5	carbon-based mixture	NONE	?	?
460	6	carbon-based mixture	NONE	?	?
460	7	carbon-based mixture	NONE	?	?
460	8	carbon-based mixture	NONE	?	?
460	9	carbon-based mixture	NONE	?	?
460	0	fossil fuel	NONE	?	?
460	1	fossil fuel	NONE	?	?
460	2	fossil fuel	NONE	?	?
460	3	fossil fuel	NONE	?	?
460	4	fossil fuel	NONE	?	?
460	5	fossil fuel	NONE	?	?
460	6	fossil fuel	NONE	?	?
460	7	fossil fuel	NONE	?	?
460	8	fossil fuel	NONE	?	?
460	9	fossil fuel	NONE	?	?
460	0	energy	NONE	?	?
460	1	energy	NONE	?	?
460	2	energy	NONE	?	?
460	3	energy	NONE	?	?
460	4	energy	NONE	?	?
460	5	energy	NONE	?	?
460	6	energy	NONE	?	?
460	7	energy	NONE	?	?
460	8	energy	NONE	?	?
460	9	energy	NONE	?	?
460	0	power	NONE	?	?
460	1	power	NONE	?	?
460	2	power	NONE	?	?
460	3	power	NONE	?	?
460	4	power	NONE	?	?
460	5	power	NONE	?	?
460	6	power	NONE	?	?
460	7	power	NONE	?	?
460	8	power	NONE	?	?
460	9	power	NONE	?	?
463	0	raindrops	NONE	?	?
463	1	raindrops	NONE	?	?
463	2	raindrops	NONE	?	?
463	3	raindrops	NONE	?	?
463	4	raindrops	NONE	?	?
463	0	ice particle	NONE	?	?
463	1	ice particle	NONE	?	?
463	2	ice particle	NONE	?	?
463	3	ice particle	NONE	?	?
463	4	ice particle	NONE	?	?
463	0	hailstone	NONE	?	?
463	1	hailstone	NONE	?	?
463	2	hailstone	NONE	?	?
463	3	hailstone	NONE	?	?
463	4	hailstone	NONE	?	?
465	0	water	NONE	?	?
465	1	water	NONE	?	?
465	2	water	NONE	?	?
465	3	water	NONE	?	?
465	4	water	NONE	?	?
465	5	water	NONE	?	?
465	6	water	NONE	?	?
465	0	hail	NONE	?	?
465	1	hail	NONE	?	?
465	2	hail	NONE	?	?
465	3	hail	NONE	?	?
465	4	hail	NONE	?	?
465	5	hail	NONE	?	?
465	6	hail	NONE	?	?
502	0	diesel	NONE	?	?
502	1	diesel	NONE	?	?
502	2	diesel	NONE	?	?
502	3	diesel	NONE	?	?
502	4	diesel	NONE	?	?
502	0	petrol	NONE	?	?
502	1	petrol	NONE	?	?
502	2	petrol	NONE	?	?
502	3	petrol	NONE	?	?
502	4	petrol	NONE	?	?
502	0	energy	NONE	?	?
502	1	energy	NONE	?	?
502	2	energy	NONE	?	?
502	3	energy	NONE	?	?
502	4	energy	NONE	?	?
502	0	pistons	NONE	?	?
502	1	pistons	NONE	?	?
502	2	pistons	NONE	?	?
502	3	pistons	NONE	?	?
502	4	pistons	NONE	?	?
502	0	piston motion	NONE	?	?
502	1	piston motion	NONE	?	?
502	2	piston motion	NONE	?	?
502	3	piston motion	NONE	?	?
502	4	piston motion	NONE	?	?
502	0	rotary motion	NONE	?	?
502	1	rotary motion	NONE	?	?
502	2	rotary motion	NONE	?	?
502	3	rotary motion	NONE	?	?
502	4	rotary motion	NONE	?	?
502	0	car	NONE	?	?
502	1	car	NONE	?	?
502	2	car	NONE	?	?
502	3	car	NONE	?	?
502	4	car	NONE	?	?
503	0	car	NONE	?	?
503	1	car	NONE	?	?
503	2	car	NONE	?	?
503	3	car	NONE	?	?
503	4	car	NONE	?	?
503	5	car	NONE	?	?
503	6	car	NONE	?	?
503	7	car	NONE	?	?
503	8	car	NONE	?	?
503	0	gasoline;gas	NONE	?	?
503	1	gasoline;gas	NONE	?	?
503	2	gasoline;gas	NONE	?	?
503	3	gasoline;gas	NONE	?	?
503	4	gasoline;gas	NONE	?	?
503	5	gasoline;gas	NONE	?	?
503	6	gasoline;gas	NONE	?	?
503	7	gasoline;gas	NONE	?	?
503	8	gasoline;gas	NONE	?	?
503	0	battery	NONE	?	?
503	1	battery	NONE	?	?
503	2	battery	NONE	?	?
503	3	battery	NONE	?	?
503	4	battery	NONE	?	?
503	5	battery	NONE	?	?
503	6	battery	NONE	?	?
503	7	battery	NONE	?	?
503	8	battery	NONE	?	?
503	0	spark	NONE	?	?
503	1	spark	NONE	?	?
503	2	spark	NONE	?	?
503	3	spark	NONE	?	?
503	4	spark	NONE	?	?
503	5	spark	NONE	?	?
503	6	spark	NONE	?	?
503	7	spark	NONE	?	?
503	8	spark	NONE	?	?
503	0	piston	NONE	?	?
503	1	piston	NONE	?	?
503	2	piston	NONE	?	?
503	3	piston	NONE	?	?
503	4	piston	NONE	?	?
503	5	piston	NONE	?	?
503	6	piston	NONE	?	?
503	7	piston	NONE	?	?
503	8	piston	NONE	?	?
503	0	crankshaft	NONE	?	?
503	1	crankshaft	NONE	?	?
503	2	crankshaft	NONE	?	?
503	3	crankshaft	NONE	?	?
503	4	crankshaft	NONE	?	?
503	5	crankshaft	NONE	?	?
503	6	crankshaft	NONE	?	?
503	7	crankshaft	NONE	?	?
503	8	crankshaft	NONE	?	?
503	0	wheel	NONE	?	?
503	1	wheel	NONE	?	?
503	2	wheel	NONE	?	?
503	3	wheel	NONE	?	?
503	4	wheel	NONE	?	?
503	5	wheel	NONE	?	?
503	6	wheel	NONE	?	?
503	7	wheel	NONE	?	?
503	8	wheel	NONE	?	?
533	0	seed	NONE	?	?
533	1	seed	NONE	?	?
533	2	seed	NONE	?	?
533	3	seed	NONE	?	?
533	4	seed	NONE	?	?
533	5	seed	NONE	?	?
533	6	seed	NONE	?	?
533	0	sprouts	NONE	?	?
533	1	sprouts	NONE	?	?
533	2	sprouts	NONE	?	?
533	3	sprouts	NONE	?	?
533	4	sprouts	NONE	?	?
533	5	sprouts	NONE	?	?
533	6	sprouts	NONE	?	?
533	0	seedling	NONE	?	?
533	1	seedling	NONE	?	?
533	2	seedling	NONE	?	?
533	3	seedling	NONE	?	?
533	4	seedling	NONE	?	?
533	5	seedling	NONE	?	?
533	6	seedling	NONE	?	?
533	0	sapling	NONE	?	?
533	1	sapling	NONE	?	?
533	2	sapling	NONE	?	?
533	3	sapling	NONE	?	?
533	4	sapling	NONE	?	?
533	5	sapling	NONE	?	?
533	6	sapling	NONE	?	?
533	0	tree	NONE	?	?
533	1	tree	NONE	?	?
533	2	tree	NONE	?	?
533	3	tree	NONE	?	?
533	4	tree	NONE	?	?
533	5	tree	NONE	?	?
533	6	tree	NONE	?	?
534	0	seed	NONE	?	?
534	1	seed	NONE	?	?
534	2	seed	NONE	?	?
534	3	seed	NONE	?	?
534	4	seed	NONE	?	?
534	5	seed	NONE	?	?
534	6	seed	NONE	?	?
534	0	small tree ; tree	NONE	?	?
534	1	small tree ; tree	NONE	?	?
534	2	small tree ; tree	NONE	?	?
534	3	small tree ; tree	NONE	?	?
534	4	small tree ; tree	NONE	?	?
534	5	small tree ; tree	NONE	?	?
534	6	small tree ; tree	NONE	?	?
534	0	fruit	NONE	?	?
534	1	fruit	NONE	?	?
534	2	fruit	NONE	?	?
534	3	fruit	NONE	?	?
534	4	fruit	NONE	?	?
534	5	fruit	NONE	?	?
534	6	fruit	NONE	?	?
534	0	flowers	NONE	?	?
534	1	flowers	NONE	?	?
534	2	flowers	NONE	?	?
534	3	flowers	NONE	?	?
534	4	flowers	NONE	?	?
534	5	flowers	NONE	?	?
534	6	flowers	NONE	?	?
582	0	warm, moist air	NONE	?	?
582	1	warm, moist air	NONE	?	?
582	2	warm, moist air	NONE	?	?
582	3	warm, moist air	NONE	?	?
582	4	warm, moist air	NONE	?	?
582	5	warm, moist air	NONE	?	?
582	6	warm, moist air	NONE	?	?
582	7	warm, moist air	NONE	?	?
582	0	cool, dry air	NONE	?	?
582	1	cool, dry air	NONE	?	?
582	2	cool, dry air	NONE	?	?
582	3	cool, dry air	NONE	?	?
582	4	cool, dry air	NONE	?	?
582	5	cool, dry air	NONE	?	?
582	6	cool, dry air	NONE	?	?
582	7	cool, dry air	NONE	?	?
582	0	air masses ; masses	NONE	?	?
582	1	air masses ; masses	NONE	?	?
582	2	air masses ; masses	NONE	?	?
582	3	air masses ; masses	NONE	?	?
582	4	air masses ; masses	NONE	?	?
582	5	air masses ; masses	NONE	?	?
582	6	air masses ; masses	NONE	?	?
582	7	air masses ; masses	NONE	?	?
582	0	wind	NONE	?	?
582	1	wind	NONE	?	?
582	2	wind	NONE	?	?
582	3	wind	NONE	?	?
582	4	wind	NONE	?	?
582	5	wind	NONE	?	?
582	6	wind	NONE	?	?
582	7	wind	NONE	?	?
582	0	updraft	NONE	?	?
582	1	updraft	NONE	?	?
582	2	updraft	NONE	?	?
582	3	updraft	NONE	?	?
582	4	updraft	NONE	?	?
582	5	updraft	NONE	?	?
582	6	updraft	NONE	?	?
582	7	updraft	NONE	?	?
582	0	circular patterns	NONE	?	?
582	1	circular patterns	NONE	?	?
582	2	circular patterns	NONE	?	?
582	3	circular patterns	NONE	?	?
582	4	circular patterns	NONE	?	?
582	5	circular patterns	NONE	?	?
582	6	circular patterns	NONE	?	?
582	7	circular patterns	NONE	?	?
582	0	tornado	NONE	?	?
582	1	tornado	NONE	?	?
582	2	tornado	NONE	?	?
582	3	tornado	NONE	?	?
582	4	tornado	NONE	?	?
582	5	tornado	NONE	?	?
582	6	tornado	NONE	?	?
582	7	tornado	NONE	?	?
583	0	warm, humd low-presure air	NONE	?	?
583	1	warm, humd low-presure air	NONE	?	?
583	2	warm, humd low-presure air	NONE	?	?
583	3	warm, humd low-presure air	NONE	?	?
583	4	warm, humd low-presure air	NONE	?	?
583	5	warm, humd low-presure air	NONE	?	?
583	0	updraft	NONE	?	?
583	1	updraft	NONE	?	?
583	2	updraft	NONE	?	?
583	3	updraft	NONE	?	?
583	4	updraft	NONE	?	?
583	5	updraft	NONE	?	?
583	0	dry, cold high-pressure air	NONE	?	?
583	1	dry, cold high-pressure air	NONE	?	?
583	2	dry, cold high-pressure air	NONE	?	?
583	3	dry, cold high-pressure air	NONE	?	?
583	4	dry, cold high-pressure air	NONE	?	?
583	5	dry, cold high-pressure air	NONE	?	?
583	0	rotation	NONE	?	?
583	1	rotation	NONE	?	?
583	2	rotation	NONE	?	?
583	3	rotation	NONE	?	?
583	4	rotation	NONE	?	?
583	5	rotation	NONE	?	?
583	0	funnel; tornado	NONE	?	?
583	1	funnel; tornado	NONE	?	?
583	2	funnel; tornado	NONE	?	?
583	3	funnel; tornado	NONE	?	?
583	4	funnel; tornado	NONE	?	?
583	5	funnel; tornado	NONE	?	?
600	0	air	NONE	?	?
600	1	air	NONE	?	?
600	2	air	NONE	?	?
600	3	air	NONE	?	?
600	4	air	NONE	?	?
600	5	air	NONE	?	?
600	0	petrol; fuel	NONE	?	?
600	1	petrol; fuel	NONE	?	?
600	2	petrol; fuel	NONE	?	?
600	3	petrol; fuel	NONE	?	?
600	4	petrol; fuel	NONE	?	?
600	5	petrol; fuel	NONE	?	?
600	0	energy	NONE	?	?
600	1	energy	NONE	?	?
600	2	energy	NONE	?	?
600	3	energy	NONE	?	?
600	4	energy	NONE	?	?
600	5	energy	NONE	?	?
600	0	hot gas	NONE	?	?
600	1	hot gas	NONE	?	?
600	2	hot gas	NONE	?	?
600	3	hot gas	NONE	?	?
600	4	hot gas	NONE	?	?
600	5	hot gas	NONE	?	?
653	0	seed	NONE	?	?
653	1	seed	NONE	?	?
653	2	seed	NONE	?	?
653	3	seed	NONE	?	?
653	4	seed	NONE	?	?
653	5	seed	NONE	?	?
653	0	seedling	NONE	?	?
653	1	seedling	NONE	?	?
653	2	seedling	NONE	?	?
653	3	seedling	NONE	?	?
653	4	seedling	NONE	?	?
653	5	seedling	NONE	?	?
653	0	tree	NONE	?	?
653	1	tree	NONE	?	?
653	2	tree	NONE	?	?
653	3	tree	NONE	?	?
653	4	tree	NONE	?	?
653	5	tree	NONE	?	?
653	0	flower	NONE	?	?
653	1	flower	NONE	?	?
653	2	flower	NONE	?	?
653	3	flower	NONE	?	?
653	4	flower	NONE	?	?
653	5	flower	NONE	?	?
653	0	fruit	NONE	?	?
653	1	fruit	NONE	?	?
653	2	fruit	NONE	?	?
653	3	fruit	NONE	?	?
653	4	fruit	NONE	?	?
653	5	fruit	NONE	?	?
654	0	seedling	NONE	?	?
654	1	seedling	NONE	?	?
654	2	seedling	NONE	?	?
654	3	seedling	NONE	?	?
654	4	seedling	NONE	?	?
654	5	seedling	NONE	?	?
654	0	root system	NONE	?	?
654	1	root system	NONE	?	?
654	2	root system	NONE	?	?
654	3	root system	NONE	?	?
654	4	root system	NONE	?	?
654	5	root system	NONE	?	?
654	0	tree	NONE	?	?
654	1	tree	NONE	?	?
654	2	tree	NONE	?	?
654	3	tree	NONE	?	?
654	4	tree	NONE	?	?
654	5	tree	NONE	?	?
654	0	material for new growth	NONE	?	?
654	1	material for new growth	NONE	?	?
654	2	material for new growth	NONE	?	?
654	3	material for new growth	NONE	?	?
654	4	material for new growth	NONE	?	?
654	5	material for new growth	NONE	?	?
659	0	nitrogen; nitrates	NONE	?	?
659	1	nitrogen; nitrates	NONE	?	?
659	2	nitrogen; nitrates	NONE	?	?
659	3	nitrogen; nitrates	NONE	?	?
659	4	nitrogen; nitrates	NONE	?	?
659	5	nitrogen; nitrates	NONE	?	?
659	0	ammonium	NONE	?	?
659	1	ammonium	NONE	?	?
659	2	ammonium	NONE	?	?
659	3	ammonium	NONE	?	?
659	4	ammonium	NONE	?	?
659	5	ammonium	NONE	?	?
659	0	plant	NONE	?	?
659	1	plant	NONE	?	?
659	2	plant	NONE	?	?
659	3	plant	NONE	?	?
659	4	plant	NONE	?	?
659	5	plant	NONE	?	?
659	0	extra nitrogen	NONE	?	?
659	1	extra nitrogen	NONE	?	?
659	2	extra nitrogen	NONE	?	?
659	3	extra nitrogen	NONE	?	?
659	4	extra nitrogen	NONE	?	?
659	5	extra nitrogen	NONE	?	?
660	0	atmospheric nitrogen	NONE	?	?
660	1	atmospheric nitrogen	NONE	?	?
660	2	atmospheric nitrogen	NONE	?	?
660	3	atmospheric nitrogen	NONE	?	?
660	4	atmospheric nitrogen	NONE	?	?
660	5	atmospheric nitrogen	NONE	?	?
660	6	atmospheric nitrogen	NONE	?	?
660	7	atmospheric nitrogen	NONE	?	?
660	8	atmospheric nitrogen	NONE	?	?
660	0	organic nitrogen	NONE	?	?
660	1	organic nitrogen	NONE	?	?
660	2	organic nitrogen	NONE	?	?
660	3	organic nitrogen	NONE	?	?
660	4	organic nitrogen	NONE	?	?
660	5	organic nitrogen	NONE	?	?
660	6	organic nitrogen	NONE	?	?
660	7	organic nitrogen	NONE	?	?
660	8	organic nitrogen	NONE	?	?
660	0	animals	NONE	?	?
660	1	animals	NONE	?	?
660	2	animals	NONE	?	?
660	3	animals	NONE	?	?
660	4	animals	NONE	?	?
660	5	animals	NONE	?	?
660	6	animals	NONE	?	?
660	7	animals	NONE	?	?
660	8	animals	NONE	?	?
660	0	plants	NONE	?	?
660	1	plants	NONE	?	?
660	2	plants	NONE	?	?
660	3	plants	NONE	?	?
660	4	plants	NONE	?	?
660	5	plants	NONE	?	?
660	6	plants	NONE	?	?
660	7	plants	NONE	?	?
660	8	plants	NONE	?	?
660	0	wastes	NONE	?	?
660	1	wastes	NONE	?	?
660	2	wastes	NONE	?	?
660	3	wastes	NONE	?	?
660	4	wastes	NONE	?	?
660	5	wastes	NONE	?	?
660	6	wastes	NONE	?	?
660	7	wastes	NONE	?	?
660	8	wastes	NONE	?	?
660	0	ammonium	NONE	?	?
660	1	ammonium	NONE	?	?
660	2	ammonium	NONE	?	?
660	3	ammonium	NONE	?	?
660	4	ammonium	NONE	?	?
660	5	ammonium	NONE	?	?
660	6	ammonium	NONE	?	?
660	7	ammonium	NONE	?	?
660	8	ammonium	NONE	?	?
660	0	nitrate	NONE	?	?
660	1	nitrate	NONE	?	?
660	2	nitrate	NONE	?	?
660	3	nitrate	NONE	?	?
660	4	nitrate	NONE	?	?
660	5	nitrate	NONE	?	?
660	6	nitrate	NONE	?	?
660	7	nitrate	NONE	?	?
660	8	nitrate	NONE	?	?
660	0	nitrogen gas	NONE	?	?
660	1	nitrogen gas	NONE	?	?
660	2	nitrogen gas	NONE	?	?
660	3	nitrogen gas	NONE	?	?
660	4	nitrogen gas	NONE	?	?
660	5	nitrogen gas	NONE	?	?
660	6	nitrogen gas	NONE	?	?
660	7	nitrogen gas	NONE	?	?
660	8	nitrogen gas	NONE	?	?
661	0	nitrogen	NONE	?	?
661	1	nitrogen	NONE	?	?
661	2	nitrogen	NONE	?	?
661	3	nitrogen	NONE	?	?
661	4	nitrogen	NONE	?	?
661	5	nitrogen	NONE	?	?
661	6	nitrogen	NONE	?	?
661	7	nitrogen	NONE	?	?
661	8	nitrogen	NONE	?	?
661	0	ammonium	NONE	?	?
661	1	ammonium	NONE	?	?
661	2	ammonium	NONE	?	?
661	3	ammonium	NONE	?	?
661	4	ammonium	NONE	?	?
661	5	ammonium	NONE	?	?
661	6	ammonium	NONE	?	?
661	7	ammonium	NONE	?	?
661	8	ammonium	NONE	?	?
661	0	nitrates	NONE	?	?
661	1	nitrates	NONE	?	?
661	2	nitrates	NONE	?	?
661	3	nitrates	NONE	?	?
661	4	nitrates	NONE	?	?
661	5	nitrates	NONE	?	?
661	6	nitrates	NONE	?	?
661	7	nitrates	NONE	?	?
661	8	nitrates	NONE	?	?
661	0	plant	NONE	?	?
661	1	plant	NONE	?	?
661	2	plant	NONE	?	?
661	3	plant	NONE	?	?
661	4	plant	NONE	?	?
661	5	plant	NONE	?	?
661	6	plant	NONE	?	?
661	7	plant	NONE	?	?
661	8	plant	NONE	?	?
661	0	animal	NONE	?	?
661	1	animal	NONE	?	?
661	2	animal	NONE	?	?
661	3	animal	NONE	?	?
661	4	animal	NONE	?	?
661	5	animal	NONE	?	?
661	6	animal	NONE	?	?
661	7	animal	NONE	?	?
661	8	animal	NONE	?	?
695	0	water	NONE	?	?
695	1	water	NONE	?	?
695	2	water	NONE	?	?
695	3	water	NONE	?	?
695	4	water	NONE	?	?
695	5	water	NONE	?	?
695	6	water	NONE	?	?
695	0	vapor; steam; water vapor	NONE	?	?
695	1	vapor; steam; water vapor	NONE	?	?
695	2	vapor; steam; water vapor	NONE	?	?
695	3	vapor; steam; water vapor	NONE	?	?
695	4	vapor; steam; water vapor	NONE	?	?
695	5	vapor; steam; water vapor	NONE	?	?
695	6	vapor; steam; water vapor	NONE	?	?
695	0	clouds	NONE	?	?
695	1	clouds	NONE	?	?
695	2	clouds	NONE	?	?
695	3	clouds	NONE	?	?
695	4	clouds	NONE	?	?
695	5	clouds	NONE	?	?
695	6	clouds	NONE	?	?
695	0	rain	NONE	?	?
695	1	rain	NONE	?	?
695	2	rain	NONE	?	?
695	3	rain	NONE	?	?
695	4	rain	NONE	?	?
695	5	rain	NONE	?	?
695	6	rain	NONE	?	?
695	0	hail	NONE	?	?
695	1	hail	NONE	?	?
695	2	hail	NONE	?	?
695	3	hail	NONE	?	?
695	4	hail	NONE	?	?
695	5	hail	NONE	?	?
695	6	hail	NONE	?	?
695	0	sleet	NONE	?	?
695	1	sleet	NONE	?	?
695	2	sleet	NONE	?	?
695	3	sleet	NONE	?	?
695	4	sleet	NONE	?	?
695	5	sleet	NONE	?	?
695	6	sleet	NONE	?	?
695	0	snow	NONE	?	?
695	1	snow	NONE	?	?
695	2	snow	NONE	?	?
695	3	snow	NONE	?	?
695	4	snow	NONE	?	?
695	5	snow	NONE	?	?
695	6	snow	NONE	?	?
696	0	water vapor	NONE	?	?
696	1	water vapor	NONE	?	?
696	2	water vapor	NONE	?	?
696	3	water vapor	NONE	?	?
696	4	water vapor	NONE	?	?
696	5	water vapor	NONE	?	?
696	0	water droplets	NONE	?	?
696	1	water droplets	NONE	?	?
696	2	water droplets	NONE	?	?
696	3	water droplets	NONE	?	?
696	4	water droplets	NONE	?	?
696	5	water droplets	NONE	?	?
696	0	cloud	NONE	?	?
696	1	cloud	NONE	?	?
696	2	cloud	NONE	?	?
696	3	cloud	NONE	?	?
696	4	cloud	NONE	?	?
696	5	cloud	NONE	?	?
696	0	rain	NONE	?	?
696	1	rain	NONE	?	?
696	2	rain	NONE	?	?
696	3	rain	NONE	?	?
696	4	rain	NONE	?	?
696	5	rain	NONE	?	?
697	0	water	NONE	?	?
697	1	water	NONE	?	?
697	2	water	NONE	?	?
697	3	water	NONE	?	?
697	4	water	NONE	?	?
697	0	clouds	NONE	?	?
697	1	clouds	NONE	?	?
697	2	clouds	NONE	?	?
697	3	clouds	NONE	?	?
697	4	clouds	NONE	?	?
697	0	rain	NONE	?	?
697	1	rain	NONE	?	?
697	2	rain	NONE	?	?
697	3	rain	NONE	?	?
697	4	rain	NONE	?	?
1031	0	plant or animal	NONE	?	?
1031	1	plant or animal	NONE	?	?
1031	2	plant or animal	NONE	?	?
1031	3	plant or animal	NONE	?	?
1031	4	plant or animal	NONE	?	?
1031	0	bones	NONE	?	?
1031	1	bones	NONE	?	?
1031	2	bones	NONE	?	?
1031	3	bones	NONE	?	?
1031	4	bones	NONE	?	?
1031	0	sediment	NONE	?	?
1031	1	sediment	NONE	?	?
1031	2	sediment	NONE	?	?
1031	3	sediment	NONE	?	?
1031	4	sediment	NONE	?	?
1031	0	rock	NONE	?	?
1031	1	rock	NONE	?	?
1031	2	rock	NONE	?	?
1031	3	rock	NONE	?	?
1031	4	rock	NONE	?	?
1031	0	fossil	NONE	?	?
1031	1	fossil	NONE	?	?
1031	2	fossil	NONE	?	?
1031	3	fossil	NONE	?	?
1031	4	fossil	NONE	?	?
1032	0	animals	NONE	?	?
1032	1	animals	NONE	?	?
1032	2	animals	NONE	?	?
1032	3	animals	NONE	?	?
1032	4	animals	NONE	?	?
1032	5	animals	NONE	?	?
1032	0	plants	NONE	?	?
1032	1	plants	NONE	?	?
1032	2	plants	NONE	?	?
1032	3	plants	NONE	?	?
1032	4	plants	NONE	?	?
1032	5	plants	NONE	?	?
1032	0	bones and hard tissues ; remains	NONE	?	?
1032	1	bones and hard tissues ; remains	NONE	?	?
1032	2	bones and hard tissues ; remains	NONE	?	?
1032	3	bones and hard tissues ; remains	NONE	?	?
1032	4	bones and hard tissues ; remains	NONE	?	?
1032	5	bones and hard tissues ; remains	NONE	?	?
1032	0	sediment	NONE	?	?
1032	1	sediment	NONE	?	?
1032	2	sediment	NONE	?	?
1032	3	sediment	NONE	?	?
1032	4	sediment	NONE	?	?
1032	5	sediment	NONE	?	?
1032	0	rock	NONE	?	?
1032	1	rock	NONE	?	?
1032	2	rock	NONE	?	?
1032	3	rock	NONE	?	?
1032	4	rock	NONE	?	?
1032	5	rock	NONE	?	?
1033	0	animal	NONE	?	?
1033	1	animal	NONE	?	?
1033	2	animal	NONE	?	?
1033	3	animal	NONE	?	?
1033	4	animal	NONE	?	?
1033	5	animal	NONE	?	?
1033	0	skeleton	NONE	?	?
1033	1	skeleton	NONE	?	?
1033	2	skeleton	NONE	?	?
1033	3	skeleton	NONE	?	?
1033	4	skeleton	NONE	?	?
1033	5	skeleton	NONE	?	?
1033	0	rock	NONE	?	?
1033	1	rock	NONE	?	?
1033	2	rock	NONE	?	?
1033	3	rock	NONE	?	?
1033	4	rock	NONE	?	?
1033	5	rock	NONE	?	?
1033	0	mold	NONE	?	?
1033	1	mold	NONE	?	?
1033	2	mold	NONE	?	?
1033	3	mold	NONE	?	?
1033	4	mold	NONE	?	?
1033	5	mold	NONE	?	?
1145	0	hydrogen fuel	NONE	?	?
1145	1	hydrogen fuel	NONE	?	?
1145	2	hydrogen fuel	NONE	?	?
1145	3	hydrogen fuel	NONE	?	?
1145	4	hydrogen fuel	NONE	?	?
1145	0	hydrogen atoms	NONE	?	?
1145	1	hydrogen atoms	NONE	?	?
1145	2	hydrogen atoms	NONE	?	?
1145	3	hydrogen atoms	NONE	?	?
1145	4	hydrogen atoms	NONE	?	?
1145	0	helium atoms	NONE	?	?
1145	1	helium atoms	NONE	?	?
1145	2	helium atoms	NONE	?	?
1145	3	helium atoms	NONE	?	?
1145	4	helium atoms	NONE	?	?
1145	0	red giant star	NONE	?	?
1145	1	red giant star	NONE	?	?
1145	2	red giant star	NONE	?	?
1145	3	red giant star	NONE	?	?
1145	4	red giant star	NONE	?	?
1146	0	star	NONE	?	?
1146	1	star	NONE	?	?
1146	2	star	NONE	?	?
1146	3	star	NONE	?	?
1146	4	star	NONE	?	?
1146	5	star	NONE	?	?
1146	6	star	NONE	?	?
1146	7	star	NONE	?	?
1146	8	star	NONE	?	?
1146	9	star	NONE	?	?
1146	0	hydrogen fuel	NONE	?	?
1146	1	hydrogen fuel	NONE	?	?
1146	2	hydrogen fuel	NONE	?	?
1146	3	hydrogen fuel	NONE	?	?
1146	4	hydrogen fuel	NONE	?	?
1146	5	hydrogen fuel	NONE	?	?
1146	6	hydrogen fuel	NONE	?	?
1146	7	hydrogen fuel	NONE	?	?
1146	8	hydrogen fuel	NONE	?	?
1146	9	hydrogen fuel	NONE	?	?
1146	0	hydrogen	NONE	?	?
1146	1	hydrogen	NONE	?	?
1146	2	hydrogen	NONE	?	?
1146	3	hydrogen	NONE	?	?
1146	4	hydrogen	NONE	?	?
1146	5	hydrogen	NONE	?	?
1146	6	hydrogen	NONE	?	?
1146	7	hydrogen	NONE	?	?
1146	8	hydrogen	NONE	?	?
1146	9	hydrogen	NONE	?	?
1146	0	helium	NONE	?	?
1146	1	helium	NONE	?	?
1146	2	helium	NONE	?	?
1146	3	helium	NONE	?	?
1146	4	helium	NONE	?	?
1146	5	helium	NONE	?	?
1146	6	helium	NONE	?	?
1146	7	helium	NONE	?	?
1146	8	helium	NONE	?	?
1146	9	helium	NONE	?	?
1146	0	energy	NONE	?	?
1146	1	energy	NONE	?	?
1146	2	energy	NONE	?	?
1146	3	energy	NONE	?	?
1146	4	energy	NONE	?	?
1146	5	energy	NONE	?	?
1146	6	energy	NONE	?	?
1146	7	energy	NONE	?	?
1146	8	energy	NONE	?	?
1146	9	energy	NONE	?	?
1146	0	carbon atoms	NONE	?	?
1146	1	carbon atoms	NONE	?	?
1146	2	carbon atoms	NONE	?	?
1146	3	carbon atoms	NONE	?	?
1146	4	carbon atoms	NONE	?	?
1146	5	carbon atoms	NONE	?	?
1146	6	carbon atoms	NONE	?	?
1146	7	carbon atoms	NONE	?	?
1146	8	carbon atoms	NONE	?	?
1146	9	carbon atoms	NONE	?	?
1146	0	red giant star	NONE	?	?
1146	1	red giant star	NONE	?	?
1146	2	red giant star	NONE	?	?
1146	3	red giant star	NONE	?	?
1146	4	red giant star	NONE	?	?
1146	5	red giant star	NONE	?	?
1146	6	red giant star	NONE	?	?
1146	7	red giant star	NONE	?	?
1146	8	red giant star	NONE	?	?
1146	9	red giant star	NONE	?	?
1147	0	hydrogen atoms	NONE	?	?
1147	1	hydrogen atoms	NONE	?	?
1147	2	hydrogen atoms	NONE	?	?
1147	3	hydrogen atoms	NONE	?	?
1147	4	hydrogen atoms	NONE	?	?
1147	5	hydrogen atoms	NONE	?	?
1147	0	helium atoms	NONE	?	?
1147	1	helium atoms	NONE	?	?
1147	2	helium atoms	NONE	?	?
1147	3	helium atoms	NONE	?	?
1147	4	helium atoms	NONE	?	?
1147	5	helium atoms	NONE	?	?
1147	0	hydrogen	NONE	?	?
1147	1	hydrogen	NONE	?	?
1147	2	hydrogen	NONE	?	?
1147	3	hydrogen	NONE	?	?
1147	4	hydrogen	NONE	?	?
1147	5	hydrogen	NONE	?	?
1147	0	helium	NONE	?	?
1147	1	helium	NONE	?	?
1147	2	helium	NONE	?	?
1147	3	helium	NONE	?	?
1147	4	helium	NONE	?	?
1147	5	helium	NONE	?	?
1147	0	star	NONE	?	?
1147	1	star	DESTROY	?	-
1147	2	star	CREATE	-	?
1147	3	star	DESTROY	?	-
1147	4	star	CREATE	-	?
1147	5	star	NONE	?	?
1147	0	carbon atoms	NONE	?	?
1147	1	carbon atoms	NONE	?	?
1147	2	carbon atoms	NONE	?	?
1147	3	carbon atoms	NONE	?	?
1147	4	carbon atoms	NONE	?	?
1147	5	carbon atoms	NONE	?	?
1147	0	red giant star	NONE	?	?
1147	1	red giant star	NONE	?	?
1147	2	red giant star	NONE	?	?
1147	3	red giant star	NONE	?	?
1147	4	red giant star	NONE	?	?
1147	5	red giant star	NONE	?	?
1188	0	comet	NONE	?	?
1188	1	comet	NONE	?	?
1188	2	comet	NONE	?	?
1188	3	comet	NONE	?	?
1188	4	comet	NONE	?	?
1188	0	hole; crater	NONE	?	?
1188	1	hole; crater	NONE	?	?
1188	2	hole; crater	NONE	?	?
1188	3	hole; crater	NONE	?	?
1188	4	hole; crater	NONE	?	?
1189	0	chunks of rock	NONE	?	?
1189	1	chunks of rock	NONE	?	?
1189	2	chunks of rock	NONE	?	?
1189	3	chunks of rock	NONE	?	?
1189	4	chunks of rock	NONE	?	?
1189	5	chunks of rock	NONE	?	?
1189	0	crater	NONE	?	?
1189	1	crater	NONE	?	?
1189	2	crater	NONE	?	?
1189	3	crater	NONE	?	?
1189	4	crater	NONE	?	?
1189	5	crater	NONE	?	?
1190	0	oxygenated blood	NONE	?	?
1190	1	oxygenated blood	NONE	?	?
1190	2	oxygenated blood	NONE	?	?
1190	3	oxygenated blood	NONE	?	?
1190	4	oxygenated blood	NONE	?	?
1190	5	oxygenated blood	NONE	?	?
1190	6	oxygenated blood	NONE	?	?
1190	7	oxygenated blood	NONE	?	?
1190	8	oxygenated blood	NONE	?	?
1190	9	oxygenated blood	NONE	?	?
1190	0	deoxygenated blood	NONE	?	?
1190	1	deoxygenated blood	NONE	?	?
1190	2	deoxygenated blood	NONE	?	?
1190	3	deoxygenated blood	NONE	?	?
1190	4	deoxygenated blood	NONE	?	?
1190	5	deoxygenated blood	NONE	?	?
1190	6	deoxygenated blood	NONE	?	?
1190	7	deoxygenated blood	NONE	?	?
1190	8	deoxygenated blood	NONE	?	?
1190	9	deoxygenated blood	NONE	?	?
1190	0	oxygen	NONE	?	?
1190	1	oxygen	NONE	?	?
1190	2	oxygen	NONE	?	?
1190	3	oxygen	NONE	?	?
1190	4	oxygen	NONE	?	?
1190	5	oxygen	NONE	?	?
1190	6	oxygen	NONE	?	?
1190	7	oxygen	NONE	?	?
1190	8	oxygen	NONE	?	?
1190	9	oxygen	NONE	?	?
1240	0	air	NONE	?	?
1240	1	air	NONE	?	?
1240	2	air	NONE	?	?
1240	3	air	NONE	?	?
1240	4	air	NONE	?	?
1240	5	air	NONE	?	?
1240	6	air	NONE	?	?
1240	7	air	NONE	?	?
1240	0	heat	NONE	?	?
1240	1	heat	NONE	?	?
1240	2	heat	NONE	?	?
1240	3	heat	NONE	?	?
1240	4	heat	NONE	?	?
1240	5	heat	NONE	?	?
1240	6	heat	NONE	?	?
1240	7	heat	NONE	?	?
1240	0	refrigerent liquid	NONE	?	?
1240	1	refrigerent liquid	NONE	?	?
1240	2	refrigerent liquid	NONE	?	?
1240	3	refrigerent liquid	NONE	?	?
1240	4	refrigerent liquid	NONE	?	?
1240	5	refrigerent liquid	NONE	?	?
1240	6	refrigerent liquid	NONE	?	?
1240	7	refrigerent liquid	NONE	?	?
1240	0	refrigerent gas	NONE	?	?
1240	1	refrigerent gas	NONE	?	?
1240	2	refrigerent gas	NONE	?	?
1240	3	refrigerent gas	NONE	?	?
1240	4	refrigerent gas	NONE	?	?
1240	5	refrigerent gas	NONE	?	?
1240	6	refrigerent gas	NONE	?	?
1240	7	refrigerent gas	NONE	?	?
1240	0	liquid	NONE	?	?
1240	1	liquid	NONE	?	?
1240	2	liquid	NONE	?	?
1240	3	liquid	NONE	?	?
1240	4	liquid	NONE	?	?
1240	5	liquid	NONE	?	?
1240	6	liquid	NONE	?	?
1240	7	liquid	NONE	?	?
725	0	plant; animal	NONE	?	?
725	1	plant; animal	NONE	?	?
725	2	plant; animal	NONE	?	?
725	3	plant; animal	NONE	?	?
725	4	plant; animal	NONE	?	?
725	5	plant; animal	NONE	?	?
725	0	soft tissues	NONE	?	?
725	1	soft tissues	NONE	?	?
725	2	soft tissues	NONE	?	?
725	3	soft tissues	NONE	?	?
725	4	soft tissues	NONE	?	?
725	5	soft tissues	NONE	?	?
725	0	sediment	NONE	?	?
725	1	sediment	NONE	?	?
725	2	sediment	NONE	?	?
725	3	sediment	NONE	?	?
725	4	sediment	NONE	?	?
725	5	sediment	NONE	?	?
725	0	rock	NONE	?	?
725	1	rock	NONE	?	?
725	2	rock	NONE	?	?
725	3	rock	NONE	?	?
725	4	rock	NONE	?	?
725	5	rock	NONE	?	?
725	0	bones	NONE	?	?
725	1	bones	NONE	?	?
725	2	bones	NONE	?	?
725	3	bones	NONE	?	?
725	4	bones	NONE	?	?
725	5	bones	NONE	?	?
725	0	minerals	NONE	?	?
725	1	minerals	NONE	?	?
725	2	minerals	NONE	?	?
725	3	minerals	NONE	?	?
725	4	minerals	NONE	?	?
725	5	minerals	NONE	?	?
725	0	stone replica; fossil	NONE	?	?
725	1	stone replica; fossil	NONE	?	?
725	2	stone replica; fossil	NONE	?	?
725	3	stone replica; fossil	NONE	?	?
725	4	stone replica; fossil	NONE	?	?
725	5	stone replica; fossil	NONE	?	?
726	0	animal	NONE	?	?
726	1	animal	NONE	?	?
726	2	animal	NONE	?	?
726	3	animal	NONE	?	?
726	4	animal	NONE	?	?
726	5	animal	NONE	?	?
726	6	animal	NONE	?	?
726	7	animal	NONE	?	?
726	8	animal	NONE	?	?
726	9	animal	NONE	?	?
726	0	animal's skeleton	NONE	?	?
726	1	animal's skeleton	NONE	?	?
726	2	animal's skeleton	NONE	?	?
726	3	animal's skeleton	NONE	?	?
726	4	animal's skeleton	NONE	?	?
726	5	animal's skeleton	NONE	?	?
726	6	animal's skeleton	NONE	?	?
726	7	animal's skeleton	NONE	?	?
726	8	animal's skeleton	NONE	?	?
726	9	animal's skeleton	NONE	?	?
726	0	mud; sand	NONE	?	?
726	1	mud; sand	NONE	?	?
726	2	mud; sand	NONE	?	?
726	3	mud; sand	NONE	?	?
726	4	mud; sand	NONE	?	?
726	5	mud; sand	NONE	?	?
726	6	mud; sand	NONE	?	?
726	7	mud; sand	NONE	?	?
726	8	mud; sand	NONE	?	?
726	9	mud; sand	NONE	?	?
726	0	rock	NONE	?	?
726	1	rock	NONE	?	?
726	2	rock	NONE	?	?
726	3	rock	NONE	?	?
726	4	rock	NONE	?	?
726	5	rock	NONE	?	?
726	6	rock	NONE	?	?
726	7	rock	NONE	?	?
726	8	rock	NONE	?	?
726	9	rock	NONE	?	?
726	0	hole	NONE	?	?
726	1	hole	NONE	?	?
726	2	hole	NONE	?	?
726	3	hole	NONE	?	?
726	4	hole	NONE	?	?
726	5	hole	NONE	?	?
726	6	hole	NONE	?	?
726	7	hole	NONE	?	?
726	8	hole	NONE	?	?
726	9	hole	NONE	?	?
727	0	animal	NONE	?	?
727	1	animal	NONE	?	?
727	2	animal	NONE	?	?
727	3	animal	NONE	?	?
727	4	animal	NONE	?	?
727	5	animal	NONE	?	?
727	6	animal	NONE	?	?
727	7	animal	NONE	?	?
727	8	animal	NONE	?	?
727	9	animal	NONE	?	?
727	0	soft tissues	NONE	?	?
727	1	soft tissues	NONE	?	?
727	2	soft tissues	NONE	?	?
727	3	soft tissues	NONE	?	?
727	4	soft tissues	NONE	?	?
727	5	soft tissues	NONE	?	?
727	6	soft tissues	NONE	?	?
727	7	soft tissues	NONE	?	?
727	8	soft tissues	NONE	?	?
727	9	soft tissues	NONE	?	?
727	0	bones	NONE	?	?
727	1	bones	NONE	?	?
727	2	bones	NONE	?	?
727	3	bones	NONE	?	?
727	4	bones	NONE	?	?
727	5	bones	NONE	?	?
727	6	bones	NONE	?	?
727	7	bones	NONE	?	?
727	8	bones	NONE	?	?
727	9	bones	NONE	?	?
727	0	mud; silt	NONE	?	?
727	1	mud; silt	NONE	?	?
727	2	mud; silt	NONE	?	?
727	3	mud; silt	NONE	?	?
727	4	mud; silt	NONE	?	?
727	5	mud; silt	NONE	?	?
727	6	mud; silt	NONE	?	?
727	7	mud; silt	NONE	?	?
727	8	mud; silt	NONE	?	?
727	9	mud; silt	NONE	?	?
727	0	rock	NONE	?	?
727	1	rock	NONE	?	?
727	2	rock	NONE	?	?
727	3	rock	NONE	?	?
727	4	rock	NONE	?	?
727	5	rock	NONE	?	?
727	6	rock	NONE	?	?
727	7	rock	NONE	?	?
727	8	rock	NONE	?	?
727	9	rock	NONE	?	?
727	0	minerals	NONE	?	?
727	1	minerals	NONE	?	?
727	2	minerals	NONE	?	?
727	3	minerals	NONE	?	?
727	4	minerals	NONE	?	?
727	5	minerals	NONE	?	?
727	6	minerals	NONE	?	?
727	7	minerals	NONE	?	?
727	8	minerals	NONE	?	?
727	9	minerals	NONE	?	?
727	0	fossil	NONE	?	?
727	1	fossil	NONE	?	?
727	2	fossil	NONE	?	?
727	3	fossil	NONE	?	?
727	4	fossil	NONE	?	?
727	5	fossil	NONE	?	?
727	6	fossil	NONE	?	?
727	7	fossil	NONE	?	?
727	8	fossil	NONE	?	?
727	9	fossil	NONE	?	?
791	0	dc electricity	NONE	?	?
791	1	dc electricity	NONE	?	?
791	2	dc electricity	NONE	?	?
791	3	dc electricity	NONE	?	?
791	4	dc electricity	NONE	?	?
791	5	dc electricity	NONE	?	?
791	0	ac electricity	NONE	?	?
791	1	ac electricity	NONE	?	?
791	2	ac electricity	NONE	?	?
791	3	ac electricity	NONE	?	?
791	4	ac electricity	NONE	?	?
791	5	ac electricity	NONE	?	?
896	0	oxygen-depleted blood ; blood	NONE	?	?
896	1	oxygen-depleted blood ; blood	NONE	?	?
896	2	oxygen-depleted blood ; blood	NONE	?	?
896	3	oxygen-depleted blood ; blood	NONE	?	?
896	4	oxygen-depleted blood ; blood	NONE	?	?
896	5	oxygen-depleted blood ; blood	NONE	?	?
896	6	oxygen-depleted blood ; blood	NONE	?	?
896	7	oxygen-depleted blood ; blood	NONE	?	?
896	8	oxygen-depleted blood ; blood	NONE	?	?
896	0	oxygenated blood ; blood	NONE	?	?
896	1	oxygenated blood ; blood	NONE	?	?
896	2	oxygenated blood ; blood	NONE	?	?
896	3	oxygenated blood ; blood	NONE	?	?
896	4	oxygenated blood ; blood	NONE	?	?
896	5	oxygenated blood ; blood	NONE	?	?
896	6	oxygenated blood ; blood	NONE	?	?
896	7	oxygenated blood ; blood	NONE	?	?
896	8	oxygenated blood ; blood	NONE	?	?
903	0	visible light; light	NONE	?	?
903	1	visible light; light	NONE	?	?
903	2	visible light; light	NONE	?	?
903	3	visible light; light	NONE	?	?
903	4	visible light; light	NONE	?	?
903	0	chemical energy	NONE	?	?
903	1	chemical energy	NONE	?	?
903	2	chemical energy	NONE	?	?
903	3	chemical energy	NONE	?	?
903	4	chemical energy	NONE	?	?
903	0	image	NONE	?	?
903	1	image	NONE	?	?
903	2	image	NONE	?	?
903	3	image	NONE	?	?
903	4	image	NONE	?	?
904	0	light	NONE	?	?
904	1	light	NONE	?	?
904	2	light	NONE	?	?
904	3	light	NONE	?	?
904	4	light	NONE	?	?
904	0	small image	NONE	?	?
904	1	small image	NONE	?	?
904	2	small image	NONE	?	?
904	3	small image	NONE	?	?
904	4	small image	NONE	?	?
904	0	retina's rods and cones	NONE	?	?
904	1	retina's rods and cones	NONE	?	?
904	2	retina's rods and cones	NONE	?	?
904	3	retina's rods and cones	NONE	?	?
904	4	retina's rods and cones	NONE	?	?
904	0	electrical pulses	NONE	?	?
904	1	electrical pulses	NONE	?	?
904	2	electrical pulses	NONE	?	?
904	3	electrical pulses	NONE	?	?
904	4	electrical pulses	NONE	?	?
927	0	rain	NONE	?	?
927	1	rain	NONE	?	?
927	2	rain	NONE	?	?
927	3	rain	NONE	?	?
927	4	rain	NONE	?	?
927	5	rain	NONE	?	?
927	0	rain water; water	NONE	?	?
927	1	rain water; water	NONE	?	?
927	2	rain water; water	NONE	?	?
927	3	rain water; water	NONE	?	?
927	4	rain water; water	NONE	?	?
927	5	rain water; water	NONE	?	?
927	0	land	NONE	?	?
927	1	land	NONE	?	?
927	2	land	NONE	?	?
927	3	land	NONE	?	?
927	4	land	NONE	?	?
927	5	land	NONE	?	?
927	0	plants	NONE	?	?
927	1	plants	NONE	?	?
927	2	plants	NONE	?	?
927	3	plants	NONE	?	?
927	4	plants	NONE	?	?
927	5	plants	NONE	?	?
927	0	trees	NONE	?	?
927	1	trees	NONE	?	?
927	2	trees	NONE	?	?
927	3	trees	NONE	?	?
927	4	trees	NONE	?	?
927	5	trees	NONE	?	?
932	0	water	NONE	?	?
932	1	water	NONE	?	?
932	2	water	NONE	?	?
932	3	water	NONE	?	?
932	4	water	NONE	?	?
932	5	water	NONE	?	?
932	0	rocks	NONE	?	?
932	1	rocks	NONE	?	?
932	2	rocks	NONE	?	?
932	3	rocks	NONE	?	?
932	4	rocks	NONE	?	?
932	5	rocks	NONE	?	?
932	0	chemicals	NONE	?	?
932	1	chemicals	NONE	?	?
932	2	chemicals	NONE	?	?
932	3	chemicals	NONE	?	?
932	4	chemicals	NONE	?	?
932	5	chemicals	NONE	?	?
932	0	oxygen	NONE	?	?
932	1	oxygen	NONE	?	?
932	2	oxygen	NONE	?	?
932	3	oxygen	NONE	?	?
932	4	oxygen	NONE	?	?
932	5	oxygen	NONE	?	?
